<xml>
  <P1>I5h+L/2t9edCv6FiH19wFP8muCKVrwzqcU9E1HaLgxo=</P1>
  <P2>WsgYjBGa6nE8rB9TfuKB5DMSwpqVeb0j0Lb0vSFMtHfs44Z/aZjtmZab3UgtahaR</P2>
  <P3>H9NEn4ddtX4hfrjL0GUALg==</P3>
  <P4>4ChGoVOgHErFwa4nzdi3ZfqxwaEnPgO4y32+8IAHd9q9+6wxY5h/iLc3zhzMyqka</P4>
  <P5>O8vl8VAvQrcbqYaoKnVyx3u+k3LYkG2ZR1MnZzH7iC/l5aHo5SdBng/7p9dXBK0hgpRs8S0Wjbwi5lWzR2wDmZ4OdVlHn6QMaXV9VKw/eKf2WYNwQZEHX36knqet50S9</P5>
  <P6>G18CxsRtGGlAj/0bGqRfWScVpzYTgQbDsBT0nzK6kQWWGHn3qkIQL7uPq9VJBg+Xbuy+HGkrVCF56R/JSX5g4PlmyQuv/c5fudX5Q+9lKFU=</P6>
  <P7>iBulVlcqKJ9O+QAM80xc1USdbHbWDYQTNN2o9K1c7S2DQhXQzXF2B2JGtxzPB37+PXHaHRdRpRfDioCQ9DYVtesehnUbwt8JU0vfVZYXUq8=</P7>
  <P8>am4QGzAPpoVGXNGBOlMOFChKoim4sT3ubAs9ae+XUG2k312gXjAxybcKBSqG8Q5j077TK4u94wXdeTbAxbb4zefYK6gP3vWBiGYFCzDGBvE=</P8>
  <P9>am4QGzAPpoVGXNGBOlMOFPyJtteL5lPiEwCtWwSR1IqMbELt7ZnTJ4Okc6tWgxCjsxqRhNVKSTMJSWxch2YeQ+fYK6gP3vWBiGYFCzDGBvE=</P9>
  <P10>am4QGzAPpoVGXNGBOlMOFMkaXBxj/PZRJGtdb05mct6TEgPJp4h3VdtxqucPClA9sxqRhNVKSTMJSWxch2YeQ+fYK6gP3vWBiGYFCzDGBvE=</P10>
  <P11>/P4wflgAtixfZCF8P4/ttOLF/gdeF8JhrJe1RbECs5GqtNUK+Ph5+RYngHQVoJ/B+L69bKiOK+ZaTx5SHk2b/e7u2MFkT4sABge4umXoP50=</P11>
  <P12>iG6aI0hQYmxsq1KwEbPBGlmQwZCnz+M68xSWFvV2igwDN1X5jJ35fnxDRoox2CyoK7fJE6ldgCH2+AtwNDHWtPTipFFRnjuK5XlvwlQq5/I=</P12>
  <P13>8KqiotC48UAKPl1C46sjkSl+P1i14B6vfOj8+I7a3JwBTiwX2UpkThhgYhDTuRUuzfEl2EQKWzqL0fYlHvHmKov9TFx19bklPrbmD9gLVR4=</P13>
</xml>